Method,Accuracy,Detection Rate (Recall),Precision,F1-Score,False Alarm Rate (FAR),FAR Benign->Attack,Experiment,Seed,Poison_Ratio,Rounds,Variant,Training Time (s)
FedAvg,82.37,56.77,54.41,46.39,6.85,4.09,smoke,0,0.0,2,,22.44
FedProx,90.19,65.46,72.08,60.64,3.6,3.84,smoke,0,0.0,2,,32.98
DyF-ZTL,82.69,55.92,44.23,49.12,7.27,3.29,smoke,0,0.0,2,,29.63
FuzzyNoTrust,82.71,55.77,44.34,49.16,7.27,3.24,smoke,0,0.0,2,,23.78
DeepTrust,82.56,56.63,42.26,47.94,7.08,3.6,smoke,0,0.0,2,,22.43
Krum,91.31,53.24,50.53,51.52,3.03,3.18,smoke,0,0.4,2,,18.7
MultiKrum,93.18,81.63,73.42,75.34,1.94,5.05,smoke,0,0.4,2,,18.73
Median,88.66,80.81,62.0,68.21,2.17,13.67,smoke,0,0.4,2,,18.99
TrimmedMean,88.64,80.88,62.59,68.65,2.15,13.78,smoke,0,0.4,2,,19.73
FLTrust,90.38,53.01,48.66,49.93,3.04,3.87,smoke,0,0.4,2,,19.86
DyF-ZTL,77.26,39.68,28.2,28.81,5.78,2.85,smoke,0,0.4,2,,24.25
FedAvg,92.9,73.85,86.64,70.99,2.51,3.49,main,0,0.0,100,,2344.82
FedProx,96.31,87.84,89.87,86.63,1.02,3.18,main,0,0.0,100,,3291.31
DyF-ZTL,96.99,95.61,87.66,90.94,0.63,3.54,main,0,0.0,100,,2724.61
FedAvg,93.33,73.07,88.07,72.15,2.51,2.64,main,1,0.0,100,,2350.53
FedProx,96.25,91.73,88.27,88.79,1.02,3.29,main,1,0.0,100,,3383.53
DyF-ZTL,97.1,96.72,87.74,91.4,0.58,3.51,main,1,0.0,100,,2858.3
FedAvg,96.0,90.59,85.2,86.52,0.85,4.61,main,2,0.0,100,,2406.31
FedProx,96.42,98.59,84.33,90.31,0.56,5.08,main,2,0.0,100,,3432.23
DyF-ZTL,96.33,98.35,84.0,90.01,0.58,5.19,main,2,0.0,100,,2920.94
FedAvg,96.33,94.99,85.24,89.31,0.76,4.34,main,3,0.0,100,,2600.89
FedProx,96.23,97.97,83.72,89.69,0.62,5.19,main,3,0.0,100,,3701.52
DyF-ZTL,96.36,97.52,84.49,90.0,0.6,5.0,main,3,0.0,100,,3114.59
FedAvg,93.52,72.07,75.5,70.75,2.41,2.69,main,4,0.0,100,,2179.41
FedProx,97.18,95.69,89.16,91.78,0.63,3.13,main,4,0.0,100,,3148.49
DyF-ZTL,97.12,96.27,87.64,91.43,0.53,3.73,main,4,0.0,100,,2751.23
FuzzyNoTrust,93.03,70.78,70.48,67.05,2.59,2.88,ablation,0,0.0,100,,2497.07
DeepTrust,95.47,82.64,85.78,81.27,1.36,3.4,ablation,0,0.0,100,,2531.26
FuzzyNoTrust,96.25,89.89,87.18,87.33,1.02,3.32,ablation,1,0.0,100,,2617.0
DeepTrust,94.89,83.27,85.33,82.32,1.61,3.51,ablation,1,0.0,100,,2724.21
FuzzyNoTrust,96.44,92.5,85.31,87.69,0.74,4.23,ablation,2,0.0,100,,2948.3
DeepTrust,96.71,96.45,87.13,91.04,0.64,4.12,ablation,2,0.0,100,,2827.62
FuzzyNoTrust,96.76,94.93,86.52,89.95,0.66,3.9,ablation,3,0.0,100,,3080.69
DeepTrust,96.35,97.59,84.49,89.96,0.61,5.0,ablation,3,0.0,100,,3041.85
FuzzyNoTrust,96.12,83.76,88.31,81.71,1.19,2.8,ablation,4,0.0,100,,2468.57
DeepTrust,96.35,95.58,85.82,89.99,0.67,4.72,ablation,4,0.0,100,,2606.35
FedAvg,95.21,86.72,86.04,84.72,1.39,3.84,robust,0,0.0,20,,450.71
FedProx,95.82,89.32,84.86,85.8,1.08,3.98,robust,0,0.0,20,,636.66
DyF-ZTL,96.44,94.35,85.68,89.29,0.73,4.25,robust,0,0.0,20,,558.97
Krum,95.7,83.75,88.82,83.75,1.23,3.4,robust,0,0.0,20,,446.72
MultiKrum,95.32,87.16,86.04,85.12,1.34,3.79,robust,0,0.0,20,,448.68
Median,93.83,81.21,87.44,76.5,2.13,3.32,robust,0,0.0,20,,445.71
TrimmedMean,95.63,87.18,86.55,84.97,1.2,3.79,robust,0,0.0,20,,442.33
FLTrust,96.19,96.36,84.45,89.3,0.65,5.13,robust,0,0.0,20,,452.0
FedAvg,95.64,91.37,86.18,87.85,1.14,4.04,robust,0,0.1,20,,442.49
FedProx,95.85,88.43,85.86,85.81,1.13,3.65,robust,0,0.1,20,,638.09
DyF-ZTL,96.53,91.09,86.66,88.41,0.84,3.51,robust,0,0.1,20,,550.35
Krum,94.32,82.45,79.9,78.22,1.42,5.54,robust,0,0.1,20,,449.23
MultiKrum,96.4,94.81,86.83,89.89,0.79,4.01,robust,0,0.1,20,,442.33
Median,93.73,81.57,73.14,76.55,2.17,3.35,robust,0,0.1,20,,445.68
TrimmedMean,95.99,95.44,84.18,88.91,0.79,4.94,robust,0,0.1,20,,447.58
FLTrust,96.36,95.88,85.46,89.74,0.65,4.8,robust,0,0.1,20,,446.05
FedAvg,95.17,85.17,86.03,83.23,1.43,3.71,robust,0,0.2,20,,443.9
FedProx,95.51,88.93,84.65,85.67,1.15,4.17,robust,0,0.2,20,,638.31
DyF-ZTL,96.78,93.73,86.57,89.79,0.67,3.76,robust,0,0.2,20,,538.42
Krum,93.77,90.58,82.94,85.4,1.77,5.08,robust,0,0.2,20,,444.33
MultiKrum,95.7,95.55,82.6,88.15,0.74,5.52,robust,0,0.2,20,,448.25
Median,93.47,82.64,71.42,76.08,2.17,3.93,robust,0,0.2,20,,442.83
TrimmedMean,95.91,93.63,83.97,87.99,0.9,4.53,robust,0,0.2,20,,444.63
FLTrust,96.12,94.98,84.9,88.92,0.74,4.91,robust,0,0.2,20,,448.19
FedAvg,93.2,85.07,74.6,77.69,1.44,4.14,robust,0,0.3,20,,442.84
FedProx,95.46,85.02,85.82,84.01,1.22,3.73,robust,0,0.3,20,,644.33
DyF-ZTL,96.72,93.21,86.84,89.62,0.72,3.68,robust,0,0.3,20,,538.89
Krum,95.0,88.15,82.72,84.75,1.02,5.65,robust,0,0.3,20,,443.55
MultiKrum,93.86,81.75,76.62,76.82,1.6,4.25,robust,0,0.3,20,,444.71
Median,93.69,84.93,83.56,81.05,1.9,4.12,robust,0,0.3,20,,447.25
TrimmedMean,94.68,93.26,79.03,84.76,1.03,5.74,robust,0,0.3,20,,445.43
FLTrust,96.12,94.31,85.0,88.92,0.76,4.8,robust,0,0.3,20,,448.0
FedAvg,90.55,79.96,78.15,76.21,2.34,8.07,robust,0,0.4,20,,443.29
FedProx,92.29,76.34,77.01,75.08,1.94,6.26,robust,0,0.4,20,,639.89
DyF-ZTL,96.17,95.98,83.68,89.0,0.66,5.08,robust,0,0.4,20,,537.35
Krum,93.32,82.55,66.9,72.52,1.66,6.59,robust,0,0.4,20,,446.72
MultiKrum,86.37,69.29,66.58,58.75,2.6,4.61,robust,0,0.4,20,,444.91
Median,85.87,70.69,63.38,62.39,3.47,6.45,robust,0,0.4,20,,443.18
TrimmedMean,84.51,70.85,68.44,61.91,3.15,6.59,robust,0,0.4,20,,442.9
FLTrust,96.17,95.3,84.34,89.13,0.72,4.86,robust,0,0.4,20,,443.45
FedAvg,35.09,41.45,41.54,31.26,10.65,66.46,robust,0,0.5,20,,444.07
FedProx,49.93,52.68,45.32,37.36,8.24,46.8,robust,0,0.5,20,,638.53
DyF-ZTL,96.59,92.36,86.72,89.15,0.77,3.76,robust,0,0.5,20,,538.8
Krum,0.7,4.7,3.17,0.99,15.65,99.75,robust,0,0.5,20,,445.87
MultiKrum,12.65,18.89,18.19,10.11,14.18,95.75,robust,0,0.5,20,,438.4
Median,37.63,40.94,32.01,25.81,10.98,61.49,robust,0,0.5,20,,440.03
TrimmedMean,16.49,43.48,37.04,24.66,14.38,95.58,robust,0,0.5,20,,443.45
FLTrust,95.93,94.45,84.28,88.71,0.84,4.86,robust,0,0.5,20,,442.01
FedAvg,5.57,15.39,18.58,9.87,15.18,97.58,robust,0,0.6,20,,445.56
FedProx,14.52,23.03,27.62,14.4,13.79,86.3,robust,0,0.6,20,,638.54
DyF-ZTL,96.27,96.06,83.37,88.89,0.65,4.97,robust,0,0.6,20,,533.5
Krum,0.51,3.42,2.92,0.7,15.7,99.75,robust,0,0.6,20,,447.02
MultiKrum,1.12,0.85,5.95,1.06,15.89,98.76,robust,0,0.6,20,,439.81
Median,3.94,8.52,15.53,7.32,15.47,98.41,robust,0,0.6,20,,460.36
TrimmedMean,2.99,7.28,21.98,2.67,15.63,96.73,robust,0,0.6,20,,511.68
FedAvg,96.02,98.25,82.3,88.88,0.64,5.57,robust,2,0.0,20,,598.26
FedAvg,93.22,79.91,82.83,76.68,2.39,3.43,robust,1,0.0,20,,593.66
FLTrust,95.59,89.12,84.78,86.12,1.06,4.5,robust,0,0.6,20,,579.64
DyF-ZTL_alpha=0.25,96.89,94.09,86.92,90.18,0.64,3.68,sensitivity,0,0.2,20,alpha=0.25,817.09
FedAvg,2.05,3.98,7.37,1.41,15.73,97.64,robust,0,0.7,20,,648.45
FedProx,95.87,96.52,82.49,88.25,0.71,5.57,robust,2,0.0,20,,1042.37
FedProx,95.93,91.05,85.01,86.84,1.01,4.01,robust,1,0.0,20,,1040.67
DyF-ZTL_alpha=1.0,96.78,93.73,86.57,89.79,0.67,3.76,sensitivity,0,0.2,20,alpha=1.0,898.94
FedProx,1.44,1.15,5.87,0.82,15.83,98.63,robust,0,0.7,20,,991.69
DyF-ZTL,96.27,98.36,83.62,89.76,0.58,5.3,robust,2,0.0,20,,973.96
DyF-ZTL,96.1,90.42,86.11,87.12,1.01,3.68,robust,1,0.0,20,,957.92
DyF-ZTL_alpha=1.5,96.78,93.73,86.57,89.79,0.67,3.76,sensitivity,0,0.2,20,alpha=1.5,885.93
Krum,93.37,94.53,80.02,85.35,1.11,9.09,robust,2,0.0,20,,673.89
DyF-ZTL,96.17,98.04,82.59,89.01,0.62,5.33,robust,0,0.7,20,,855.67
Krum,87.81,71.78,56.22,57.22,2.94,10.29,robust,1,0.0,20,,657.65
DyF-ZTL_decay_factor=0.1,96.78,93.73,86.57,89.79,0.67,3.76,sensitivity,0,0.2,20,decay_factor=0.1,834.54
FedAvg,95.49,82.27,74.24,77.6,1.18,4.2,main,5,0.0,100,,3313.81
Krum,1.12,8.54,5.35,1.6,15.53,99.64,robust,0,0.7,20,,609.05
MultiKrum,96.12,97.54,82.96,89.1,0.63,5.38,robust,2,0.0,20,,660.55
MultiKrum,93.05,82.71,70.21,75.36,2.34,4.01,robust,1,0.0,20,,651.26
DyF-ZTL_decay_factor=0.4,96.78,93.73,86.57,89.79,0.67,3.76,sensitivity,0,0.2,20,decay_factor=0.4,853.38
MultiKrum,0.81,0.66,4.32,0.59,15.9,99.09,robust,0,0.7,20,,625.55
Median,96.02,98.66,82.31,89.03,0.63,5.6,robust,2,0.0,20,,678.56
Median,93.09,83.49,69.44,75.18,2.24,4.39,robust,1,0.0,20,,668.95
Median,0.51,0.29,3.34,0.23,15.95,99.29,robust,0,0.7,20,,625.27
TrimmedMean,95.93,98.09,81.81,88.5,0.64,5.74,robust,2,0.0,20,,678.83
TrimmedMean,93.73,82.56,84.45,77.32,2.07,3.82,robust,1,0.0,20,,669.94
DyF-ZTL_decay_factor=0.8,96.89,94.09,86.92,90.18,0.64,3.68,sensitivity,0,0.2,20,decay_factor=0.8,855.5
TrimmedMean,0.74,0.58,4.18,0.37,15.93,98.98,robust,0,0.7,20,,624.13
FLTrust,96.12,97.93,82.98,89.26,0.62,5.46,robust,2,0.0,20,,681.63
FLTrust,95.99,97.81,82.0,88.53,0.65,5.54,robust,1,0.0,20,,672.63
DyF-ZTL_low_gate=0.6,96.78,93.73,86.57,89.79,0.67,3.76,sensitivity,0,0.2,20,low_gate=0.6,855.68
FLTrust,95.74,95.0,82.39,87.82,0.79,5.46,robust,0,0.7,20,,628.1
FedAvg,96.04,98.49,82.59,89.17,0.62,5.6,robust,2,0.1,20,,677.5
FedAvg,94.72,86.86,85.74,83.54,1.62,3.79,robust,1,0.1,20,,669.52
FedAvg,2.42,2.94,3.7,0.91,15.71,99.26,robust,0,0.8,20,,657.96
DyF-ZTL_low_gate=0.8,96.88,93.99,86.65,89.98,0.64,3.73,sensitivity,0,0.2,20,low_gate=0.8,889.4
FedProx,95.99,97.62,82.65,88.84,0.65,5.6,robust,2,0.1,20,,1109.3
FedProx,95.85,92.42,83.14,86.77,0.9,4.72,robust,1,0.1,20,,1098.6
DyF-ZTL_high_gate=0.8,84.91,61.5,74.13,59.53,6.34,2.85,sensitivity,0,0.2,20,high_gate=0.8,947.8
FedProx,1.12,0.41,5.16,0.44,15.88,98.6,robust,0,0.8,20,,1043.18
FedProx,96.33,95.1,85.71,89.3,0.67,4.78,main,5,0.0,100,,5009.83
DyF-ZTL,96.21,97.68,83.69,89.51,0.62,5.27,robust,2,0.1,20,,1001.35
DyF-ZTL,95.27,86.66,86.1,84.43,1.43,3.51,robust,1,0.1,20,,988.87
DyF-ZTL_high_gate=0.9,96.76,93.26,86.52,89.55,0.68,3.76,sensitivity,0,0.2,20,high_gate=0.9,909.31
DyF-ZTL,96.48,95.85,84.42,89.28,0.64,4.61,robust,0,0.8,20,,908.47
Krum,93.58,83.32,70.51,75.95,1.42,7.3,robust,2,0.1,20,,676.75
Krum,87.75,69.37,54.22,55.01,2.92,10.07,robust,1,0.1,20,,665.18
Krum,0.91,6.9,3.41,1.31,15.59,99.78,robust,0,0.8,20,,616.55
DyF-ZTL_warmup_rounds=0,97.05,95.43,86.97,90.64,0.57,3.68,sensitivity,0,0.2,20,warmup_rounds=0,846.83
MultiKrum,95.1,93.62,81.2,86.05,1.11,5.33,robust,1,0.1,20,,658.53
MultiKrum,96.1,97.95,82.76,89.08,0.63,5.44,robust,2,0.1,20,,669.42
MultiKrum,2.31,12.51,14.37,7.29,15.61,98.93,robust,0,0.8,20,,616.16
DyF-ZTL_warmup_rounds=4,96.71,93.57,86.11,89.38,0.68,3.93,sensitivity,0,0.2,20,warmup_rounds=4,845.16
Median,93.96,83.19,73.69,77.68,2.08,3.29,robust,1,0.1,20,,659.5
Median,95.74,98.93,80.89,88.14,0.64,6.15,robust,2,0.1,20,,671.02
Median,0.53,0.29,3.32,0.24,15.96,99.26,robust,0,0.8,20,,617.99
TrimmedMean,94.64,86.21,84.36,82.65,1.65,3.84,robust,1,0.1,20,,660.6
TrimmedMean,95.95,98.47,81.84,88.65,0.64,5.74,robust,2,0.1,20,,670.88
TrimmedMean,0.59,0.49,3.49,0.29,15.98,99.2,robust,0,0.8,20,,618.64
DyF-ZTL_min_safety_threshold=0.2,96.63,93.17,85.85,89.06,0.69,4.01,sensitivity,0,0.2,20,min_safety_threshold=0.2,844.5
FLTrust,96.02,95.96,82.83,88.27,0.78,4.91,robust,1,0.1,20,,663.36
FLTrust,96.1,97.06,83.09,88.94,0.64,5.35,robust,2,0.1,20,,673.41
FLTrust,95.99,96.38,83.06,88.77,0.69,5.41,robust,0,0.8,20,,620.7
DyF-ZTL_min_safety_threshold=0.6,96.72,94.73,85.93,89.87,0.63,4.09,sensitivity,0,0.2,20,min_safety_threshold=0.6,842.92
FedAvg,9.05,12.04,4.89,2.93,14.74,99.23,robust,0,0.9,20,,618.61
FedAvg,94.85,89.13,83.35,84.72,1.41,4.42,robust,1,0.2,20,,659.73
FedAvg,95.91,96.91,83.03,88.84,0.68,5.6,robust,2,0.2,20,,673.81
DyF-ZTL,96.86,91.85,86.84,88.63,0.73,3.38,main,5,0.0,100,,4460.39
DyF-ZTL_baseline,96.78,93.73,86.57,89.79,0.67,3.76,sensitivity,0,0.2,20,baseline,896.17
FedProx,0.97,0.49,4.26,0.38,15.91,98.96,robust,0,0.9,20,,1011.99
FedProx,95.8,91.18,84.68,86.79,1.0,4.28,robust,1,0.2,20,,1090.58
FedProx,95.99,97.12,83.25,89.14,0.65,5.52,robust,2,0.2,20,,1090.28
DyF-ZTL_alpha=0.25,96.17,95.98,83.68,89.0,0.66,5.08,sensitivity,0,0.4,20,alpha=0.25,912.27
DyF-ZTL,95.49,88.17,82.44,84.88,1.03,4.83,robust,0,0.9,20,,897.31
DyF-ZTL,94.36,82.12,85.82,80.18,1.86,3.46,robust,1,0.2,20,,948.32
DyF-ZTL,96.25,98.12,83.91,89.83,0.6,5.27,robust,2,0.2,20,,961.97
DyF-ZTL_alpha=1.0,96.17,95.98,83.68,89.0,0.66,5.08,sensitivity,0,0.4,20,alpha=1.0,870.84
Krum,4.17,3.1,8.34,1.6,15.46,96.68,robust,0,0.9,20,,611.02
Krum,90.95,82.86,67.3,70.21,2.48,7.77,robust,1,0.2,20,,643.85
Krum,87.9,53.08,59.63,54.06,5.29,1.32,robust,2,0.2,20,,652.44
DyF-ZTL_alpha=1.5,96.17,95.98,83.68,89.0,0.66,5.08,sensitivity,0,0.4,20,alpha=1.5,820.19
MultiKrum,0.74,0.34,4.23,0.32,15.93,98.96,robust,0,0.9,20,,602.18
MultiKrum,95.28,97.9,81.07,88.05,0.74,6.67,robust,1,0.2,20,,642.13
MultiKrum,95.51,98.95,80.59,87.87,0.67,6.4,robust,2,0.2,20,,652.35
FedAvg,92.88,70.28,61.19,64.99,2.63,3.02,main,6,0.0,100,,3182.43
Median,0.62,0.24,3.38,0.25,15.95,99.23,robust,0,0.9,20,,603.3
DyF-ZTL_decay_factor=0.1,96.17,95.98,83.68,89.0,0.66,5.08,sensitivity,0,0.4,20,decay_factor=0.1,831.65
Median,94.41,87.04,83.27,82.69,1.68,4.17,robust,1,0.2,20,,654.74
Median,95.44,98.83,80.03,87.43,0.69,6.53,robust,2,0.2,20,,668.03
TrimmedMean,0.61,0.19,3.46,0.24,15.96,99.2,robust,0,0.9,20,,624.23
TrimmedMean,93.73,83.04,86.05,76.63,2.09,3.71,robust,1,0.2,20,,666.94
TrimmedMean,95.42,98.89,80.42,87.84,0.7,6.56,robust,2,0.2,20,,678.67
DyF-ZTL_decay_factor=0.4,96.17,95.98,83.68,89.0,0.66,5.08,sensitivity,0,0.4,20,decay_factor=0.4,856.04
FLTrust,94.83,87.71,81.66,84.24,1.15,5.65,robust,0,0.9,20,,628.87
FLTrust,95.78,96.0,81.95,87.82,0.74,5.57,robust,1,0.2,20,,668.14
FLTrust,95.99,97.46,82.18,88.53,0.65,5.57,robust,2,0.2,20,,679.99
FLTrust,95.78,96.0,81.95,87.82,0.74,5.57,robust,1,0.2,20,,668.36
DyF-ZTL_decay_factor=0.8,96.36,94.74,84.89,89.14,0.66,4.64,sensitivity,0,0.4,20,decay_factor=0.8,855.76
FedAvg,92.82,76.0,76.33,72.35,2.37,3.82,robust,1,0.3,20,,665.27
FedAvg,95.1,96.42,80.42,86.49,0.8,6.4,robust,2,0.3,20,,678.97
FedAvg,92.82,76.0,76.33,72.35,2.37,3.82,robust,1,0.3,20,,682.54
DyF-ZTL_low_gate=0.6,96.17,95.98,83.68,89.0,0.66,5.08,sensitivity,0,0.4,20,low_gate=0.6,898.18
FedProx,94.43,90.18,81.89,84.78,1.14,6.29,robust,1,0.3,20,,1088.43
FedProx,95.08,94.15,81.84,86.95,0.86,6.04,robust,2,0.3,20,,1117.58
FedProx,94.43,90.18,81.89,84.78,1.14,6.29,robust,1,0.3,20,,1102.74
DyF-ZTL_low_gate=0.8,96.17,95.98,83.68,89.0,0.66,5.08,sensitivity,0,0.4,20,low_gate=0.8,942.14
DyF-ZTL,95.78,93.11,83.14,87.08,0.87,4.97,robust,1,0.3,20,,985.5
DyF-ZTL,96.23,97.61,83.82,89.58,0.61,5.22,robust,2,0.3,20,,995.2
DyF-ZTL,95.78,93.11,83.14,87.08,0.87,4.97,robust,1,0.3,20,,965.99
DyF-ZTL_high_gate=0.8,92.92,81.52,87.19,81.93,2.58,3.21,sensitivity,0,0.4,20,high_gate=0.8,911.47
FedProx,96.48,94.73,87.31,90.12,0.68,4.42,main,6,0.0,100,,4910.82
Krum,94.89,97.07,79.02,86.14,0.85,6.92,robust,1,0.3,20,,675.93
Krum,94.55,90.16,80.49,83.54,1.1,6.2,robust,2,0.3,20,,675.89
Krum,94.89,97.07,79.02,86.14,0.85,6.92,robust,1,0.3,20,,657.8
DyF-ZTL_high_gate=0.9,96.27,93.02,85.56,88.89,0.75,4.47,sensitivity,0,0.4,20,high_gate=0.9,846.36
MultiKrum,79.34,81.5,64.58,66.6,3.29,19.24,robust,1,0.3,20,,656.32
MultiKrum,95.61,96.22,82.27,88.2,0.72,5.85,robust,2,0.3,20,,668.15
MultiKrum,79.34,81.5,64.58,66.6,3.29,19.24,robust,1,0.3,20,,656.73
Median,86.84,81.58,76.97,68.93,2.4,4.97,robust,1,0.3,20,,657.76
DyF-ZTL_warmup_rounds=0,96.27,95.88,84.42,89.47,0.67,4.89,sensitivity,0,0.4,20,warmup_rounds=0,848.66
Median,95.63,97.25,82.58,88.53,0.72,6.07,robust,2,0.3,20,,668.19
Median,86.84,81.58,76.97,68.93,2.4,4.97,robust,1,0.3,20,,653.5
TrimmedMean,94.58,85.56,83.65,82.73,1.55,4.25,robust,1,0.3,20,,656.88
TrimmedMean,95.93,98.03,82.13,88.58,0.65,5.63,robust,2,0.3,20,,667.66
DyF-ZTL_warmup_rounds=4,96.25,94.02,85.19,88.98,0.73,4.64,sensitivity,0,0.4,20,warmup_rounds=4,847.05
TrimmedMean,94.58,85.56,83.65,82.73,1.55,4.25,robust,1,0.3,20,,653.89
FLTrust,95.93,97.79,81.68,88.22,0.69,5.49,robust,1,0.3,20,,659.12
FLTrust,95.97,98.11,81.98,88.63,0.64,5.68,robust,2,0.3,20,,670.31
FLTrust,95.93,97.79,81.68,88.22,0.69,5.49,robust,1,0.3,20,,656.47
DyF-ZTL_min_safety_threshold=0.2,96.38,96.13,85.08,89.72,0.63,4.8,sensitivity,0,0.4,20,min_safety_threshold=0.2,846.26
FedAvg,90.21,80.3,71.76,73.81,2.03,9.85,robust,1,0.4,20,,656.21
FedAvg,86.23,93.62,73.81,81.02,2.22,18.83,robust,2,0.4,20,,676.49
FedAvg,90.21,80.3,71.76,73.81,2.03,9.85,robust,1,0.4,20,,669.39
DyF-ZTL_min_safety_threshold=0.6,96.02,93.77,83.55,88.05,0.76,4.94,sensitivity,0,0.4,20,min_safety_threshold=0.6,897.12
DyF-ZTL,97.25,96.35,89.11,91.92,0.56,3.29,main,6,0.0,100,,4371.77
FedProx,88.96,85.64,70.28,75.06,1.97,10.79,robust,1,0.4,20,,1078.28
FedProx,93.37,91.15,77.04,82.15,1.17,6.62,robust,2,0.4,20,,1102.1
FedProx,88.96,85.64,70.28,75.06,1.97,10.79,robust,1,0.4,20,,1082.64
DyF-ZTL_baseline,96.17,95.98,83.68,89.0,0.66,5.08,sensitivity,0,0.4,20,baseline,912.49
DyF-ZTL,96.0,90.06,84.34,85.89,0.94,4.17,robust,1,0.4,20,,955.99
DyF-ZTL,96.42,97.5,84.92,90.23,0.59,4.91,robust,2,0.4,20,,955.22
DyF-ZTL,96.0,90.06,84.34,85.89,0.94,4.17,robust,1,0.4,20,,933.74
DyF-ZTL_alpha=0.25,95.32,86.25,85.77,84.13,1.4,3.54,sensitivity,1,0.2,20,alpha=0.25,926.62
Krum,89.07,81.09,72.08,70.02,2.46,10.68,robust,1,0.4,20,,657.46
Krum,95.3,83.69,72.35,77.15,1.16,4.61,robust,2,0.4,20,,652.32
Krum,89.07,81.09,72.08,70.02,2.46,10.68,robust,1,0.4,20,,638.22
MultiKrum,95.32,88.75,83.53,85.09,1.23,4.25,robust,1,0.4,20,,642.98
DyF-ZTL_alpha=1.0,94.36,82.12,85.82,80.18,1.86,3.46,sensitivity,1,0.2,20,alpha=1.0,874.48
MultiKrum,94.45,94.59,77.58,83.84,0.95,7.16,robust,2,0.4,20,,653.2
MultiKrum,95.32,88.75,83.53,85.09,1.23,4.25,robust,1,0.4,20,,639.94
FedAvg,93.98,75.46,86.48,73.83,2.1,3.1,main,7,0.0,100,,2855.52
Median,93.64,80.23,84.26,78.48,1.82,4.25,robust,1,0.4,20,,651.02
Median,81.23,74.66,65.08,59.66,2.92,5.79,robust,2,0.4,20,,672.61
Median,93.64,80.23,84.26,78.48,1.82,4.25,robust,1,0.4,20,,660.28
DyF-ZTL_alpha=1.5,94.36,82.12,85.82,80.18,1.86,3.46,sensitivity,1,0.2,20,alpha=1.5,895.59
TrimmedMean,62.56,64.57,65.8,50.66,6.47,33.38,robust,1,0.4,20,,668.92
TrimmedMean,83.09,76.29,67.49,64.29,2.49,7.08,robust,2,0.4,20,,678.07
TrimmedMean,62.56,64.57,65.8,50.66,6.47,33.38,robust,1,0.4,20,,665.45
DyF-ZTL_decay_factor=0.1,94.36,82.12,85.82,80.18,1.86,3.46,sensitivity,1,0.2,20,decay_factor=0.1,910.82
FLTrust,95.7,97.83,81.09,87.9,0.7,5.9,robust,1,0.4,20,,670.68
FLTrust,95.7,97.83,81.09,87.9,0.7,5.9,robust,1,0.4,20,,666.78
FLTrust,95.85,97.61,81.77,88.24,0.67,5.76,robust,2,0.4,20,,680.57
FedAvg,36.96,37.42,34.81,29.64,10.79,59.54,robust,1,0.5,20,,665.66
DyF-ZTL_decay_factor=0.4,94.36,82.12,85.82,80.18,1.86,3.46,sensitivity,1,0.2,20,decay_factor=0.4,911.77
FedAvg,36.96,37.42,34.81,29.64,10.79,59.54,robust,1,0.5,20,,674.43
FedAvg,39.48,37.42,31.38,26.96,9.75,59.1,robust,2,0.5,20,,690.25
FedProx,33.12,44.67,35.43,31.42,10.88,69.67,robust,1,0.5,20,,1089.76
DyF-ZTL_decay_factor=0.8,94.36,82.12,85.82,80.18,1.86,3.46,sensitivity,1,0.2,20,decay_factor=0.8,999.68
FedProx,33.12,44.67,35.43,31.42,10.88,69.67,robust,1,0.5,20,,1097.86
FedProx,69.65,52.88,44.26,42.48,5.28,29.1,robust,2,0.5,20,,1127.93
DyF-ZTL,95.42,98.76,79.71,87.15,0.69,6.59,robust,1,0.5,20,,993.28
DyF-ZTL_low_gate=0.6,94.36,82.12,85.82,80.18,1.86,3.46,sensitivity,1,0.2,20,low_gate=0.6,987.48
FedProx,97.06,94.64,90.07,91.71,0.72,2.99,main,7,0.0,100,,4444.14
DyF-ZTL,95.42,98.76,79.71,87.15,0.69,6.59,robust,1,0.5,20,,972.78
DyF-ZTL,96.38,97.43,84.57,90.0,0.6,5.0,robust,2,0.5,20,,982.97
Krum,1.0,9.96,0.95,1.74,15.38,100.0,robust,1,0.5,20,,676.25
DyF-ZTL_low_gate=0.8,95.42,87.75,86.23,85.13,1.35,3.57,sensitivity,1,0.2,20,low_gate=0.8,912.89
Krum,1.0,9.96,0.95,1.74,15.38,100.0,robust,1,0.5,20,,659.82
Krum,87.54,54.21,71.2,53.28,5.19,2.28,robust,2,0.5,20,,669.04
MultiKrum,75.31,64.28,58.33,50.58,4.53,14.66,robust,1,0.5,20,,656.91
MultiKrum,75.31,64.28,58.33,50.58,4.53,14.66,robust,1,0.5,20,,656.22
MultiKrum,92.73,80.92,73.27,75.64,1.56,6.62,robust,2,0.5,20,,668.72
DyF-ZTL_high_gate=0.8,93.58,77.02,87.76,74.09,2.27,3.21,sensitivity,1,0.2,20,high_gate=0.8,897.26
Median,16.76,35.13,29.61,24.9,14.02,98.35,robust,1,0.5,20,,658.6
Median,16.76,35.13,29.61,24.9,14.02,98.35,robust,1,0.5,20,,655.85
Median,74.95,39.94,35.64,34.5,4.34,10.79,robust,2,0.5,20,,668.68
TrimmedMean,4.37,26.17,17.42,14.05,15.31,98.74,robust,1,0.5,20,,657.4
DyF-ZTL_high_gate=0.9,95.68,98.74,80.51,87.74,0.66,6.18,sensitivity,1,0.2,20,high_gate=0.9,898.31
TrimmedMean,4.37,26.17,17.42,14.05,15.31,98.74,robust,1,0.5,20,,655.29
TrimmedMean,16.93,36.52,25.82,20.01,13.37,96.43,robust,2,0.5,20,,668.92
FLTrust,95.11,94.53,81.33,85.96,1.06,5.38,robust,1,0.5,20,,661.07
FLTrust,95.11,94.53,81.33,85.96,1.06,5.38,robust,1,0.5,20,,659.53
DyF-ZTL_warmup_rounds=0,95.85,97.39,81.73,87.9,0.74,5.41,sensitivity,1,0.2,20,warmup_rounds=0,897.79
FLTrust,96.02,96.89,82.82,88.65,0.67,5.38,robust,2,0.5,20,,672.86
FedAvg,4.75,12.23,16.19,8.97,15.26,96.24,robust,1,0.6,20,,657.3
DyF-ZTL,96.91,92.99,89.42,90.28,0.76,3.1,main,7,0.0,100,,3892.63
FedAvg,4.75,12.23,16.19,8.97,15.26,96.24,robust,1,0.6,20,,660.65
FedAvg,8.65,3.41,12.88,3.98,14.66,87.78,robust,2,0.6,20,,679.43
DyF-ZTL_warmup_rounds=4,95.11,86.52,86.0,84.24,1.48,3.6,sensitivity,1,0.2,20,warmup_rounds=4,921.16
FedProx,3.09,20.18,15.7,10.42,15.24,98.96,robust,1,0.6,20,,1045.65
FedProx,3.09,20.18,15.7,10.42,15.24,98.96,robust,1,0.6,20,,1058.34
FedProx,33.55,11.69,17.9,12.52,10.75,55.01,robust,2,0.6,20,,1087.11
DyF-ZTL_min_safety_threshold=0.2,96.02,91.48,85.6,87.53,1.0,3.87,sensitivity,1,0.2,20,min_safety_threshold=0.2,966.76
DyF-ZTL,82.92,55.97,45.19,49.82,7.24,2.96,robust,1,0.6,20,,952.31
DyF-ZTL,82.92,55.97,45.19,49.82,7.24,2.96,robust,1,0.6,20,,939.81
DyF-ZTL,96.78,96.31,86.08,90.44,0.58,4.2,robust,2,0.6,20,,946.91
DyF-ZTL_min_safety_threshold=0.6,95.25,87.3,86.46,84.76,1.43,3.57,sensitivity,1,0.2,20,min_safety_threshold=0.6,930.68
Krum,0.06,0.08,0.01,0.02,15.45,100.0,robust,1,0.6,20,,658.75
Krum,0.06,0.08,0.01,0.02,15.45,100.0,robust,1,0.6,20,,644.25
Krum,1.61,0.98,6.16,0.72,15.84,97.75,robust,2,0.6,20,,649.95
FedAvg,96.23,95.98,84.68,89.46,0.68,4.89,main,8,0.0,100,,3080.93
MultiKrum,0.97,3.18,6.07,2.6,15.78,99.2,robust,1,0.6,20,,645.86
DyF-ZTL_baseline,94.36,82.12,85.82,80.18,1.86,3.46,sensitivity,1,0.2,20,baseline,881.14
MultiKrum,0.97,3.18,6.07,2.6,15.78,99.2,robust,1,0.6,20,,656.97
MultiKrum,51.39,16.09,14.61,13.11,7.98,26.32,robust,2,0.6,20,,673.09
Median,1.25,0.81,5.51,0.55,15.86,98.46,robust,1,0.6,20,,664.49
Median,1.25,0.81,5.51,0.55,15.86,98.46,robust,1,0.6,20,,665.75
DyF-ZTL_alpha=0.25,96.0,90.06,84.34,85.89,0.94,4.17,sensitivity,1,0.4,20,alpha=0.25,908.35
Median,1.27,1.27,5.53,0.64,15.89,98.41,robust,2,0.6,20,,675.37
TrimmedMean,3.65,0.99,8.05,1.49,15.88,94.81,robust,1,0.6,20,,664.59
TrimmedMean,3.65,0.99,8.05,1.49,15.88,94.81,robust,1,0.6,20,,665.55
TrimmedMean,1.84,0.98,7.63,1.52,15.78,98.3,robust,2,0.6,20,,676.97
DyF-ZTL_alpha=1.0,96.0,90.06,84.34,85.89,0.94,4.17,sensitivity,1,0.4,20,alpha=1.0,909.72
FLTrust,94.51,88.36,85.05,85.48,1.63,4.06,robust,1,0.6,20,,668.73
FLTrust,94.51,88.36,85.05,85.48,1.63,4.06,robust,1,0.6,20,,669.07
FLTrust,95.49,97.33,81.72,88.2,0.73,6.15,robust,2,0.6,20,,678.38
FedAvg,1.04,0.74,4.86,0.47,15.89,98.74,robust,1,0.7,20,,666.7
DyF-ZTL_alpha=1.5,96.0,90.06,84.34,85.89,0.94,4.17,sensitivity,1,0.4,20,alpha=1.5,913.86
FedAvg,1.04,0.74,4.86,0.47,15.89,98.74,robust,1,0.7,20,,677.77
FedAvg,1.99,1.15,7.55,0.89,15.76,97.23,robust,2,0.7,20,,704.91
FedProx,1.17,3.0,4.67,0.85,15.88,98.9,robust,1,0.7,20,,1081.43
DyF-ZTL_decay_factor=0.1,95.83,89.98,83.8,85.46,0.98,4.36,sensitivity,1,0.4,20,decay_factor=0.1,994.56
FedProx,1.17,3.0,4.67,0.85,15.88,98.9,robust,1,0.7,20,,1096.66
FedProx,1.89,0.6,7.18,0.74,15.76,97.5,robust,2,0.7,20,,1120.65
FedProx,96.04,97.34,82.48,88.68,0.65,5.46,main,8,0.0,100,,4618.4
DyF-ZTL,82.79,55.39,44.71,49.31,7.27,3.07,robust,1,0.7,20,,992.66
DyF-ZTL_decay_factor=0.4,95.64,89.89,83.94,85.66,1.08,4.31,sensitivity,1,0.4,20,decay_factor=0.4,987.91
DyF-ZTL,82.79,55.39,44.71,49.31,7.27,3.07,robust,1,0.7,20,,976.43
DyF-ZTL,95.49,96.7,80.31,86.92,0.74,6.2,robust,2,0.7,20,,974.33
Krum,0.06,0.08,0.01,0.02,15.45,100.0,robust,1,0.7,20,,681.95
Krum,0.06,0.08,0.01,0.02,15.45,100.0,robust,1,0.7,20,,668.52
DyF-ZTL_decay_factor=0.8,95.46,98.12,79.68,86.95,0.7,6.45,sensitivity,1,0.4,20,decay_factor=0.8,920.72
Krum,1.29,0.27,6.07,0.51,15.84,98.13,robust,2,0.7,20,,670.86
MultiKrum,3.16,15.54,19.73,12.86,15.17,99.23,robust,1,0.7,20,,660.45
MultiKrum,3.16,15.54,19.73,12.86,15.17,99.23,robust,1,0.7,20,,660.74
DyF-ZTL_low_gate=0.6,95.93,93.65,83.45,87.58,0.85,4.78,sensitivity,1,0.4,20,low_gate=0.6,899.35
MultiKrum,25.89,10.49,14.8,9.42,11.9,63.22,robust,2,0.7,20,,667.69
Median,0.87,0.23,4.6,0.35,15.93,98.79,robust,1,0.7,20,,659.05
Median,0.87,0.23,4.6,0.35,15.93,98.79,robust,1,0.7,20,,657.52
Median,1.25,0.26,6.01,0.5,15.86,98.19,robust,2,0.7,20,,668.25
TrimmedMean,0.51,0.22,2.96,0.2,15.95,99.4,robust,1,0.7,20,,658.81
DyF-ZTL_low_gate=0.8,96.21,96.25,84.24,89.22,0.74,4.69,sensitivity,1,0.4,20,low_gate=0.8,900.26
TrimmedMean,0.51,0.22,2.96,0.2,15.95,99.4,robust,1,0.7,20,,657.55
TrimmedMean,0.93,0.35,5.08,0.49,15.9,98.68,robust,2,0.7,20,,666.9
FLTrust,92.67,94.3,74.35,81.63,1.22,10.05,robust,1,0.7,20,,662.31
FLTrust,92.67,94.3,74.35,81.63,1.22,10.05,robust,1,0.7,20,,660.22
DyF-ZTL_high_gate=0.8,84.68,64.42,73.05,59.71,6.34,3.35,sensitivity,1,0.4,20,high_gate=0.8,900.35
DyF-ZTL,95.72,98.1,80.79,87.77,0.67,6.04,main,8,0.0,100,,4134.18
FLTrust,93.01,94.53,79.25,85.27,1.2,9.22,robust,2,0.7,20,,669.26
FedAvg,0.78,0.57,3.6,0.33,15.93,99.18,robust,1,0.8,20,,654.97
FedAvg,0.78,0.57,3.6,0.33,15.93,99.18,robust,1,0.8,20,,658.27
DyF-ZTL_high_gate=0.9,94.75,98.84,77.26,85.12,0.78,7.58,sensitivity,1,0.4,20,high_gate=0.9,915.28
FedAvg,0.72,0.22,4.28,0.39,15.96,98.98,robust,2,0.8,20,,686.64
FedProx,0.98,2.43,3.79,0.69,15.94,99.12,robust,1,0.8,20,,1036.8
FedProx,0.98,2.43,3.79,0.69,15.94,99.12,robust,1,0.8,20,,1053.67
DyF-ZTL_warmup_rounds=0,94.83,98.86,77.9,85.81,0.77,7.47,sensitivity,1,0.4,20,warmup_rounds=0,970.09
FedProx,0.91,0.37,4.39,0.36,15.92,98.9,robust,2,0.8,20,,1078.41
DyF-ZTL,82.73,57.03,58.19,49.85,7.21,3.49,robust,1,0.8,20,,959.64
DyF-ZTL,82.73,57.03,58.19,49.85,7.21,3.49,robust,1,0.8,20,,947.53
DyF-ZTL_warmup_rounds=4,95.3,88.31,83.95,84.71,1.26,4.23,sensitivity,1,0.4,20,warmup_rounds=4,932.75
DyF-ZTL,95.34,90.93,80.33,84.56,0.93,5.68,robust,2,0.8,20,,939.58
Krum,0.09,0.13,0.02,0.04,15.44,100.0,robust,1,0.8,20,,667.66
Krum,0.09,0.13,0.02,0.04,15.44,100.0,robust,1,0.8,20,,651.71
Krum,0.98,0.85,5.06,0.48,15.84,98.65,robust,2,0.8,20,,650.64
MultiKrum,1.34,3.23,8.14,2.45,15.85,99.15,robust,1,0.8,20,,641.95
DyF-ZTL_min_safety_threshold=0.2,95.61,95.35,81.94,87.21,0.76,5.87,sensitivity,1,0.4,20,min_safety_threshold=0.2,875.94
FedAvg,96.69,95.44,87.51,90.66,0.71,3.79,main,9,0.0,100,,3502.67
MultiKrum,1.34,3.23,8.14,2.45,15.85,99.15,robust,1,0.8,20,,648.77
MultiKrum,0.89,0.18,4.87,0.36,15.92,98.71,robust,2,0.8,20,,670.87
Median,0.57,0.19,3.34,0.23,15.94,99.26,robust,1,0.8,20,,662.59
Median,0.57,0.19,3.34,0.23,15.94,99.26,robust,1,0.8,20,,667.95
DyF-ZTL_min_safety_threshold=0.6,95.61,98.8,80.17,87.51,0.66,6.31,sensitivity,1,0.4,20,min_safety_threshold=0.6,907.2
TrimmedMean,1.4,1.33,3.57,0.52,15.82,99.23,robust,1,0.8,20,,665.23
Median,0.57,0.14,3.46,0.23,15.97,99.2,robust,2,0.8,20,,677.39
TrimmedMean,1.4,1.33,3.57,0.52,15.82,99.23,robust,1,0.8,20,,665.99
DyF-ZTL_baseline,96.0,90.06,84.34,85.89,0.94,4.17,sensitivity,1,0.4,20,baseline,909.49
FLTrust,93.3,95.41,75.05,82.17,1.14,9.0,robust,1,0.8,20,,673.81
TrimmedMean,0.91,0.21,4.87,0.36,15.92,98.71,robust,2,0.8,20,,676.57
FLTrust,93.3,95.41,75.05,82.17,1.14,9.0,robust,1,0.8,20,,671.85
FedAvg,0.61,0.22,3.38,0.24,15.96,99.23,robust,1,0.9,20,,667.15
FLTrust,95.46,95.83,81.69,87.62,0.84,5.76,robust,2,0.8,20,,681.62
DyF-ZTL_alpha=0.25,96.23,98.12,83.87,89.8,0.6,5.3,sensitivity,2,0.2,20,alpha=0.25,931.11
FedAvg,0.61,0.22,3.38,0.24,15.96,99.23,robust,1,0.9,20,,677.53
FedAvg,0.59,0.12,3.63,0.24,15.96,99.15,robust,2,0.9,20,,717.78
FedProx,0.8,0.37,3.81,0.31,15.94,99.09,robust,1,0.9,20,,1079.54
DyF-ZTL_alpha=1.0,96.31,98.13,84.15,89.98,0.59,5.19,sensitivity,2,0.2,20,alpha=1.0,1005.33
FedProx,0.8,0.37,3.81,0.31,15.94,99.09,robust,1,0.9,20,,1097.61
FedProx,0.8,0.21,4.37,0.32,15.94,98.9,robust,2,0.9,20,,1117.49
DyF-ZTL,82.67,50.34,45.38,47.69,7.46,2.44,robust,1,0.9,20,,1001.98
DyF-ZTL_alpha=1.5,96.31,98.13,84.15,89.98,0.59,5.19,sensitivity,2,0.2,20,alpha=1.5,1012.59
DyF-ZTL,82.67,50.34,45.38,47.69,7.46,2.44,robust,1,0.9,20,,986.54
FedProx,96.42,97.47,84.59,90.01,0.6,4.91,main,9,0.0,100,,5323.48
Krum,0.06,0.18,0.24,0.19,15.49,100.0,robust,1,0.9,20,,693.66
DyF-ZTL,90.34,66.95,63.97,62.07,2.01,9.09,robust,2,0.9,20,,969.6
Krum,0.06,0.18,0.24,0.19,15.49,100.0,robust,1,0.9,20,,677.79
DyF-ZTL_decay_factor=0.1,96.25,98.12,83.91,89.83,0.6,5.27,sensitivity,2,0.2,20,decay_factor=0.1,943.62
MultiKrum,0.66,0.14,3.97,0.27,15.96,99.04,robust,1,0.9,20,,660.98
Krum,0.0,0.0,0.0,0.0,15.66,100.0,robust,2,0.9,20,,669.66
MultiKrum,0.66,0.14,3.97,0.27,15.96,99.04,robust,1,0.9,20,,660.75
DyF-ZTL_decay_factor=0.4,96.25,98.12,83.91,89.83,0.6,5.27,sensitivity,2,0.2,20,decay_factor=0.4,915.07
Median,0.51,0.13,3.18,0.2,15.96,99.29,robust,1,0.9,20,,659.96
MultiKrum,0.7,0.15,4.13,0.28,15.95,98.98,robust,2,0.9,20,,669.65
Median,0.51,0.13,3.18,0.2,15.96,99.29,robust,1,0.9,20,,661.01
TrimmedMean,0.53,0.15,3.18,0.21,15.95,99.29,robust,1,0.9,20,,660.02
Median,0.55,0.14,3.37,0.22,15.97,99.23,robust,2,0.9,20,,670.01
DyF-ZTL_decay_factor=0.8,96.21,97.68,83.82,89.59,0.62,5.27,sensitivity,2,0.2,20,decay_factor=0.8,916.27
TrimmedMean,0.53,0.15,3.18,0.21,15.95,99.29,robust,1,0.9,20,,661.93
FLTrust,84.49,74.18,72.31,63.38,3.06,5.19,robust,1,0.9,20,,661.64
TrimmedMean,0.59,0.19,3.37,0.23,15.97,99.23,robust,2,0.9,20,,656.74
FLTrust,84.49,74.18,72.31,63.38,3.06,5.19,robust,1,0.9,20,,625.05
DyF-ZTL_low_gate=0.6,96.25,98.12,83.91,89.83,0.6,5.27,sensitivity,2,0.2,20,low_gate=0.6,846.21
FLTrust,92.44,85.69,75.57,79.64,1.5,9.03,robust,2,0.9,20,,572.98
FLTrust,92.44,85.69,75.57,79.64,1.5,9.03,robust,2,0.9,20,,580.54
DyF-ZTL_low_gate=0.8,96.27,98.13,84.06,89.92,0.59,5.24,sensitivity,2,0.2,20,low_gate=0.8,812.48
DyF-ZTL_high_gate=0.8,96.25,97.59,84.18,89.76,0.62,5.16,sensitivity,2,0.2,20,high_gate=0.8,832.28
DyF-ZTL,96.91,97.77,85.57,90.75,0.52,4.2,main,9,0.0,100,,4406.67
DyF-ZTL_high_gate=0.9,96.1,97.66,83.41,89.3,0.63,5.44,sensitivity,2,0.2,20,high_gate=0.9,857.5
DyF-ZTL_warmup_rounds=0,95.89,97.57,82.0,88.43,0.66,5.74,sensitivity,2,0.2,20,warmup_rounds=0,872.15
DyF-ZTL_warmup_rounds=4,96.27,97.72,83.92,89.67,0.6,5.22,sensitivity,2,0.2,20,warmup_rounds=4,864.33
DyF-ZTL_min_safety_threshold=0.2,96.25,98.12,83.91,89.83,0.6,5.27,sensitivity,2,0.2,20,min_safety_threshold=0.2,842.15
DyF-ZTL_min_safety_threshold=0.6,96.23,98.12,83.87,89.8,0.6,5.3,sensitivity,2,0.2,20,min_safety_threshold=0.6,807.27
DyF-ZTL_baseline,96.25,98.12,83.91,89.83,0.6,5.27,sensitivity,2,0.2,20,baseline,798.75
DyF-ZTL_alpha=0.25,96.42,97.5,84.92,90.23,0.59,4.91,sensitivity,2,0.4,20,alpha=0.25,783.93
DyF-ZTL_alpha=1.0,96.42,97.5,84.92,90.23,0.59,4.91,sensitivity,2,0.4,20,alpha=1.0,801.78
DyF-ZTL_alpha=1.5,96.42,97.5,84.92,90.23,0.59,4.91,sensitivity,2,0.4,20,alpha=1.5,800.03
DyF-ZTL_decay_factor=0.1,96.42,97.5,84.92,90.23,0.59,4.91,sensitivity,2,0.4,20,decay_factor=0.1,807.54
DyF-ZTL_decay_factor=0.4,96.42,97.5,84.92,90.23,0.59,4.91,sensitivity,2,0.4,20,decay_factor=0.4,818.34
DyF-ZTL_decay_factor=0.8,96.35,97.64,84.44,89.99,0.6,5.05,sensitivity,2,0.4,20,decay_factor=0.8,821.21
DyF-ZTL_low_gate=0.6,96.42,97.5,84.92,90.23,0.59,4.91,sensitivity,2,0.4,20,low_gate=0.6,813.48
DyF-ZTL_low_gate=0.8,96.42,97.52,84.77,90.16,0.59,4.94,sensitivity,2,0.4,20,low_gate=0.8,826.25
DyF-ZTL_high_gate=0.8,96.02,94.05,83.94,87.92,0.76,5.0,sensitivity,2,0.4,20,high_gate=0.8,812.19
DyF-ZTL_high_gate=0.9,96.14,97.88,83.14,89.29,0.62,5.41,sensitivity,2,0.4,20,high_gate=0.9,792.92
DyF-ZTL_warmup_rounds=0,96.14,97.0,83.37,89.1,0.64,5.27,sensitivity,2,0.4,20,warmup_rounds=0,791.95
DyF-ZTL_warmup_rounds=4,96.38,97.6,84.83,90.21,0.6,4.94,sensitivity,2,0.4,20,warmup_rounds=4,795.96
DyF-ZTL_min_safety_threshold=0.2,96.4,97.5,84.81,90.16,0.59,4.94,sensitivity,2,0.4,20,min_safety_threshold=0.2,808.4
DyF-ZTL_min_safety_threshold=0.6,96.36,97.64,84.54,90.05,0.59,5.02,sensitivity,2,0.4,20,min_safety_threshold=0.6,834.95
DyF-ZTL_baseline,96.42,97.5,84.92,90.23,0.59,4.91,sensitivity,2,0.4,20,baseline,753.21
FuzzyNoTrust,93.71,75.68,76.96,75.21,1.76,5.02,ablation_poison,0,0.4,20,,687.96
DeepTrust,95.63,95.02,81.84,87.35,0.8,5.63,ablation_poison,0,0.4,20,,652.75
DyF-ZTL_val100,96.29,96.82,84.78,89.84,0.63,5.05,valsize,0,0.4,20,val100,835.67
FuzzyNoTrust,71.69,53.62,58.84,45.38,4.92,18.53,ablation_poison,0,0.5,20,,850.44
DeepTrust,95.95,93.13,83.21,87.6,0.85,4.75,ablation_poison,0,0.5,20,,705.55
DyF-ZTL_val300,96.29,96.82,84.78,89.84,0.63,5.05,valsize,0,0.4,20,val300,876.78
FuzzyNoTrust,93.24,74.07,74.65,71.18,2.35,3.18,ablation_poison,1,0.4,20,,930.74
DeepTrust,95.89,97.36,82.23,88.53,0.67,5.68,ablation_poison,1,0.4,20,,750.32
DyF-ZTL_val600,96.29,96.82,84.78,89.84,0.63,5.05,valsize,0,0.4,20,val600,881.9
DeepTrust,95.0,98.69,78.45,86.1,0.76,7.16,ablation_poison,1,0.5,20,,735.9
FuzzyNoTrust,70.08,52.74,46.42,48.4,5.64,24.49,ablation_poison,1,0.5,20,,936.01
DyF-ZTL_val1200,96.29,96.82,84.78,89.84,0.63,5.05,valsize,0,0.4,20,val1200,883.64
DeepTrust,95.97,98.12,81.95,88.56,0.63,5.71,ablation_poison,2,0.4,20,,756.53
FuzzyNoTrust,94.85,81.8,83.97,78.92,1.38,4.53,ablation_poison,2,0.4,20,,942.16
FLTrustFull,91.48,93.01,74.06,79.02,1.43,9.63,valsize,0,0.4,20,,702.31
DeepTrust,95.83,98.65,81.41,88.3,0.65,5.9,ablation_poison,2,0.5,20,,739.53
FuzzyNoTrust,43.8,36.17,35.08,25.67,9.38,54.98,ablation_poison,2,0.5,20,,928.27
FuzzyNoTrust,95.36,79.82,75.99,76.69,1.49,2.99,ablation,5,0.0,100,,4526.49
FuzzyNoTrust,96.69,94.37,86.76,89.78,0.72,3.79,ablation,9,0.0,100,,4797.33
DyF-ZTL_val100,95.34,98.75,79.22,86.7,0.7,6.7,valsize,1,0.4,20,val100,925.06
DyF-ZTL_val300,95.95,93.49,83.49,87.5,0.84,4.78,valsize,1,0.4,20,val300,919.04
DyF-ZTL_val600,96.0,90.06,84.34,85.89,0.94,4.17,valsize,1,0.4,20,val600,919.94
DyF-ZTL_val1200,95.74,89.69,83.96,85.55,1.05,4.25,valsize,1,0.4,20,val1200,883.6
FLTrustFull,92.97,97.79,75.83,82.73,1.07,10.02,valsize,1,0.4,20,,705.0
DyF-ZTL_val100,96.42,97.5,84.92,90.23,0.59,4.91,valsize,2,0.4,20,val100,886.12
DyF-ZTL_val300,96.42,97.5,84.92,90.23,0.59,4.91,valsize,2,0.4,20,val300,908.81
DyF-ZTL_val600,96.42,97.5,84.92,90.23,0.59,4.91,valsize,2,0.4,20,val600,908.53
DyF-ZTL_val1200,96.42,97.5,84.92,90.23,0.59,4.91,valsize,2,0.4,20,val1200,867.75
FLTrustFull,95.59,97.64,82.85,89.09,0.72,6.12,valsize,2,0.4,20,,615.61
DeepTrust,96.02,90.97,87.54,87.79,0.88,4.42,ablation,5,0.0,100,,3270.64
DeepTrust,96.5,97.01,84.96,90.06,0.63,4.61,ablation,9,0.0,100,,3352.95
FuzzyKrum,94.49,78.02,86.59,75.85,1.52,4.61,fuzzyagg,0,0.2,20,,1040.46
FuzzyKrum,95.57,90.66,84.33,84.88,0.9,5.35,fuzzyagg,2,0.2,20,,1156.54
FuzzyMultiKrum,85.08,63.76,74.12,60.67,6.24,2.96,fuzzyagg,0,0.2,20,,1055.79
DeepTrust,93.85,72.29,76.01,70.01,2.26,2.69,ablation,6,0.0,100,,3544.44
FuzzyMultiKrum,96.19,97.7,84.02,89.73,0.61,5.33,fuzzyagg,2,0.2,20,,1147.34
FuzzyNoTrust,94.79,77.74,75.44,74.71,1.74,3.07,ablation,6,0.0,100,,4443.66
FuzzyMedian,93.54,76.58,73.38,73.98,2.35,2.94,fuzzyagg,0,0.2,20,,1045.67
FuzzyNoTrust,96.12,88.34,88.72,86.98,1.13,3.1,ablation,7,0.0,100,,4321.46
FuzzyMedian,96.16,97.62,84.07,89.7,0.62,5.35,fuzzyagg,2,0.2,20,,1086.12
FuzzyTrimmed,94.75,81.36,86.21,81.03,1.77,3.05,fuzzyagg,0,0.2,20,,870.52
FuzzyNoTrust,96.57,92.26,86.15,88.29,0.8,3.6,ablation,8,0.0,100,,4609.28
FuzzyTrimmed,96.19,97.63,84.17,89.81,0.61,5.3,fuzzyagg,2,0.2,20,,845.5
FuzzyFLTrust,95.57,83.68,85.51,82.52,1.18,4.04,fuzzyagg,0,0.2,20,,687.91
FuzzyFLTrust,96.02,94.5,83.74,88.17,0.73,5.11,fuzzyagg,2,0.2,20,,744.1
DeepTrust,95.93,90.35,88.62,88.2,1.17,3.21,ablation,7,0.0,100,,3046.34
FuzzyKrum,92.75,55.21,65.46,53.93,2.71,2.91,fuzzyagg,0,0.4,20,,700.96
DeepTrust,96.48,96.68,84.47,89.7,0.65,4.56,ablation,8,0.0,100,,3015.4
FuzzyKrum,93.6,86.78,72.95,77.65,1.3,7.69,fuzzyagg,2,0.4,20,,780.9
FuzzyMultiKrum,95.27,86.62,83.05,83.48,1.12,4.56,fuzzyagg,0,0.4,20,,740.08
FuzzyMultiKrum,95.28,90.27,81.46,84.87,1.01,5.35,fuzzyagg,2,0.4,20,,824.88
FuzzyMedian,94.0,82.11,85.88,82.25,1.69,4.83,fuzzyagg,0,0.4,20,,750.84
FuzzyMedian,95.42,90.59,81.6,85.35,1.01,4.8,fuzzyagg,2,0.4,20,,810.98
FuzzyTrimmed,94.77,84.21,79.72,81.6,1.26,4.8,fuzzyagg,0,0.4,20,,744.05
FuzzyTrimmed,94.81,92.24,84.01,87.21,1.08,6.18,fuzzyagg,2,0.4,20,,827.24
FuzzyFLTrust,95.4,84.67,85.29,83.83,1.21,4.25,fuzzyagg,0,0.4,20,,764.88
FuzzyFLTrust,95.97,93.21,84.21,87.84,0.8,4.91,fuzzyagg,2,0.4,20,,836.06
FuzzyKrum,0.15,0.05,1.7,0.06,15.83,99.81,fuzzyagg,0,0.6,20,,775.05
FuzzyMultiKrum,3.83,15.31,20.36,11.21,15.46,98.55,fuzzyagg,0,0.6,20,,776.61
FuzzyKrum,1.57,0.33,6.81,0.62,15.79,97.72,fuzzyagg,2,0.6,20,,844.33
FuzzyMedian,3.01,3.11,3.52,1.1,16.11,98.65,fuzzyagg,0,0.6,20,,766.34
FuzzyMultiKrum,1.19,0.27,5.79,0.47,15.86,98.3,fuzzyagg,2,0.6,20,,833.01
FuzzyTrimmed,9.22,11.89,5.08,3.1,14.99,98.76,fuzzyagg,0,0.6,20,,777.42
FuzzyMedian,0.98,0.56,5.54,0.81,15.91,98.76,fuzzyagg,2,0.6,20,,831.38
FuzzyFLTrust,95.46,84.77,85.94,83.99,1.2,4.2,fuzzyagg,0,0.6,20,,775.71
FuzzyTrimmed,1.16,0.65,4.95,0.55,15.88,98.76,fuzzyagg,2,0.6,20,,837.06
FuzzyKrum,0.17,0.1,1.6,0.07,15.81,99.84,fuzzyagg,0,0.8,20,,755.29
FuzzyFLTrust,95.61,90.52,83.18,85.88,0.94,5.02,fuzzyagg,2,0.6,20,,802.83
FuzzyMultiKrum,0.34,0.32,1.21,0.13,15.95,99.81,fuzzyagg,0,0.8,20,,750.24
FuzzyKrum,0.0,0.0,0.0,0.0,15.59,100.0,fuzzyagg,2,0.8,20,,825.55
FuzzyMedian,0.8,0.53,3.23,0.3,15.94,99.29,fuzzyagg,0,0.8,20,,764.93
FuzzyMultiKrum,0.7,0.21,3.9,0.28,15.95,99.07,fuzzyagg,2,0.8,20,,813.39
FuzzyTrimmed,0.45,0.3,2.11,0.17,15.98,99.59,fuzzyagg,0,0.8,20,,755.0
FuzzyMedian,0.55,0.14,3.37,0.22,15.98,99.23,fuzzyagg,2,0.8,20,,808.67
FuzzyFLTrust,95.82,92.99,83.81,87.49,0.82,5.19,fuzzyagg,0,0.8,20,,755.25
FuzzyTrimmed,0.57,0.19,3.28,0.23,15.97,99.26,fuzzyagg,2,0.8,20,,833.68
FuzzyKrum,91.93,69.46,57.67,62.37,2.88,3.9,fuzzyagg,1,0.2,20,,834.52
FuzzyFLTrust,95.19,94.25,82.26,87.0,0.85,6.34,fuzzyagg,2,0.8,20,,839.41
FuzzyMultiKrum,93.01,75.76,70.77,71.75,2.49,3.43,fuzzyagg,1,0.2,20,,834.44
FuzzyMedian,93.52,80.35,71.87,75.16,2.21,3.6,fuzzyagg,1,0.2,20,,852.63
FuzzyTrimmed,93.62,80.74,72.1,75.54,2.19,3.51,fuzzyagg,1,0.2,20,,845.79
FuzzyFLTrust,95.36,88.4,82.83,84.23,1.11,4.78,fuzzyagg,1,0.2,20,,811.87
FuzzyKrum,0.0,0.0,0.0,0.0,15.58,100.0,fuzzyagg,1,0.4,20,,798.33
FuzzyMultiKrum,16.42,30.24,29.88,19.7,14.27,84.05,fuzzyagg,1,0.4,20,,797.8
FuzzyMedian,93.81,85.91,77.31,79.26,1.39,4.56,fuzzyagg,1,0.4,20,,802.02
FuzzyTrimmed,94.74,92.17,80.45,83.89,1.15,5.6,fuzzyagg,1,0.4,20,,804.89
FuzzyFLTrust,95.13,87.72,82.6,82.48,1.13,5.16,fuzzyagg,1,0.4,20,,823.12
FuzzyKrum,0.0,0.0,0.0,0.0,15.55,100.0,fuzzyagg,1,0.6,20,,828.09
FuzzyMultiKrum,3.03,7.43,12.63,5.68,15.42,96.9,fuzzyagg,1,0.6,20,,824.39
FuzzyMedian,1.16,1.03,5.9,1.07,15.87,98.49,fuzzyagg,1,0.6,20,,811.94
FuzzyTrimmed,1.06,1.29,5.79,1.29,15.88,98.65,fuzzyagg,1,0.6,20,,804.07
FuzzyFLTrust,94.53,83.16,70.44,75.44,1.39,5.27,fuzzyagg,1,0.6,20,,782.24
FuzzyKrum,0.0,0.0,0.0,0.0,15.55,100.0,fuzzyagg,1,0.8,20,,774.96
FuzzyMultiKrum,0.7,0.21,3.9,0.28,15.94,99.07,fuzzyagg,1,0.8,20,,764.71
FuzzyMedian,0.3,0.09,2.21,0.12,15.95,99.59,fuzzyagg,1,0.8,20,,768.1
FuzzyTrimmed,0.23,0.07,1.77,0.09,15.93,99.7,fuzzyagg,1,0.8,20,,783.52
FuzzyFLTrust,94.41,83.4,69.63,74.98,1.33,5.76,fuzzyagg,1,0.8,20,,711.35
